{
  "train_loss": [
    2.960235513173617,
    2.5786863290346584,
    2.4213925508352427,
    2.1295781502356896,
    2.160786990935986,
    1.95212315596067,
    2.000842433709365,
    1.690034343646123,
    1.416119898741062,
    1.2130832374095917,
    1.0090486430204832,
    0.778306938134707,
    0.6509246963721055,
    0.5619972285169822,
    0.41853368282318115,
    0.3356205253646924,
    0.3201066880271985,
    0.24015883241708463,
    0.20239194482564926,
    0.18144815902297312,
    0.1817379602446006,
    0.1729416775588806,
    0.1633692979812622,
    0.14428011958415693,
    0.1581259389909414,
    0.12732988567306444,
    0.12361993096195735,
    0.13329322034349808,
    0.12181976093695714,
    0.14138424654419607
  ],
  "val_loss": [
    3.079209080448857,
    2.9864732689327664,
    2.671633512885482,
    3.1243561064755476,
    2.876518894124914,
    2.6669422388076782,
    2.4032400758178145,
    2.1667647229300604,
    2.1509974598884583,
    2.122360900596336,
    2.119940729052932,
    2.155048399059861,
    2.2798024460121438,
    2.1654380758603415,
    2.2747721627906516,
    2.205240066404696,
    2.153695850460618,
    2.185675537144696,
    2.215428290543733,
    2.225562166284632,
    2.2837623159090676,
    2.2632950411902533,
    2.3006274788467973,
    2.288853150826913,
    2.279922487559142,
    2.2939310404989453,
    2.316980794624046,
    2.388329205689607,
    2.2940335317894265,
    2.343367373501813
  ],
  "val_pa": [
    0.03474192570163115,
    0.09422336164413866,
    0.2022037128867465,
    0.12769495063355052,
    0.18823331996427226,
    0.24015993209620606,
    0.19764518913208207,
    0.3478336477445541,
    0.3489205298362077,
    0.3366639100816516,
    0.4498408881069786,
    0.4519342874277901,
    0.49376442410072996,
    0.5014993916199314,
    0.5568986236388578,
    0.5710351641422218,
    0.6006467565478927,
    0.6158211926958272,
    0.6266690194207559,
    0.6404588923946095,
    0.657659456152615,
    0.6607069248475663,
    0.6570487433960476,
    0.6801459660676675,
    0.6895608451554209,
    0.6794060524975187,
    0.6965133087372709,
    0.6761524795344256,
    0.6976592605078187,
    0.69659615678372
  ],
  "val_miou": [
    0.010368598920685423,
    0.035958130604382264,
    0.060848762163333646,
    0.04436566229521094,
    0.049067076995352205,
    0.0687949885900248,
    0.06050653610345987,
    0.10158993972011819,
    0.11362267288332302,
    0.12534156617167616,
    0.14980932901878063,
    0.1469838149131727,
    0.15170016084273563,
    0.17395828619166886,
    0.1765514513559064,
    0.1887905863536598,
    0.2063071684372624,
    0.20973428135295186,
    0.21175171126286016,
    0.21792929659979796,
    0.22259977431100086,
    0.2223826870655963,
    0.22645159988287814,
    0.23079399619433066,
    0.234662807372194,
    0.22909754345350547,
    0.23910140798284316,
    0.22791615654996925,
    0.24168482412827633,
    0.23866746760658838
  ],
  "val_dice": [
    0.020136891017080296,
    0.06573112685908933,
    0.10641161523576584,
    0.08169567785331434,
    0.08816406872117981,
    0.12228742974115231,
    0.10870415727059965,
    0.17170588580898907,
    0.19242669793296577,
    0.20774540911091396,
    0.2455811529889877,
    0.2414870880156967,
    0.24614206944872116,
    0.2792628935739917,
    0.28255326468878844,
    0.29843669816993357,
    0.32135579699138433,
    0.32598769087777546,
    0.3290972820082794,
    0.33768862175632475,
    0.3427621039991098,
    0.3442907585336024,
    0.3487673411147982,
    0.3531601281635153,
    0.3590313929783104,
    0.3522803964034684,
    0.364303995867009,
    0.35086732664406767,
    0.3675747149723278,
    0.36360268389000844
  ]
}