{
  "val_pa": 0.906310183371096,
  "val_miou": 0.6391617950386705,
  "val_dice": 0.7625122371682183,
  "n_eval": 200
}