{
  "train_loss": [
    2.4716669962956357,
    1.7361424198517432,
    1.4047661744631255,
    1.2757889536710887,
    1.2446089547414045,
    1.2231454001023219,
    1.1988332409125109,
    1.1773315782730396,
    1.1902606028776903,
    1.1931832684920385,
    1.1961913750721858,
    1.1500128553463862,
    1.1686822726176336,
    1.1495621089751904,
    1.1466852793326745,
    1.1270150931981893,
    1.129420090180177,
    1.1190419059533339,
    1.111322242480058,
    1.1184737498943622,
    1.104047105862544,
    1.105643630027771,
    1.0823873992149646,
    1.0774948528179755,
    1.0785170908157642,
    1.0787100539757655,
    1.0721295361335461,
    1.0739925916378315,
    1.0763439811193025,
    1.0728093752494225
  ],
  "val_loss": [
    166.08034020883065,
    1.4898898778138336,
    1.3453272647327847,
    1.3298228471367448,
    1.2523227731386821,
    1.2513445615768433,
    1.260561622955181,
    1.2233949104944866,
    1.2527616377230044,
    1.219428214761946,
    1.2564811485785026,
    1.226850653136218,
    1.2147072112118755,
    1.2055859411204304,
    1.2007240388128493,
    1.1900793468510662,
    1.1903303375950567,
    1.1826348569658067,
    1.218443148665958,
    1.2040748441660847,
    1.172266666535978,
    1.1637208770822596,
    1.168362507113704,
    1.1623918347888522,
    1.164190321056931,
    1.163107849933483,
    1.166142468099241,
    1.1537071797582839,
    1.157209175604361,
    1.158795957212095
  ],
  "val_pa": [
    0.24922265055055198,
    0.7217319229851784,
    0.7382098802127111,
    0.7199101689392816,
    0.7368876223814637,
    0.7382162762925913,
    0.72379326665859,
    0.7397992684389577,
    0.7359419055351675,
    0.7402646773102453,
    0.7281262721614762,
    0.7406401648232162,
    0.7409656876651223,
    0.7400475868343092,
    0.7422017112899839,
    0.7391454385791973,
    0.7364997189487252,
    0.7435499296807453,
    0.7259013393391269,
    0.7432189889829405,
    0.7386564018363522,
    0.741030551439908,
    0.7377604239171248,
    0.7404166782673998,
    0.7410357435518109,
    0.7374013404678469,
    0.7345422175133697,
    0.7451742329783384,
    0.7434925154578201,
    0.7398127378307056
  ],
  "val_miou": [
    0.018090619351404765,
    0.04052245340174778,
    0.037336404487021295,
    0.04184194427911833,
    0.038255913087602046,
    0.03625577896163528,
    0.04272937660107962,
    0.038022753506692195,
    0.03723219258226677,
    0.03962191371859302,
    0.04254532995151733,
    0.03807856709706968,
    0.03869380493522686,
    0.040001054084785326,
    0.04355163063637276,
    0.04592752157817839,
    0.04589951738655053,
    0.043993133392200956,
    0.04473800502895214,
    0.043583835121404124,
    0.04390810431924678,
    0.046170022692759695,
    0.045673739525694076,
    0.044459097746655074,
    0.046387984929401466,
    0.04624711077494502,
    0.04631223886871292,
    0.046836303662382686,
    0.04700594349496822,
    0.04624967226445265
  ],
  "val_dice": [
    0.029542700612072464,
    0.05037186627095509,
    0.04450301410900397,
    0.05246915152054754,
    0.04608117844960483,
    0.04251100284527993,
    0.05354274030421591,
    0.04569352068386957,
    0.04446818401176266,
    0.04840349749545715,
    0.053163564295464705,
    0.04579890565099795,
    0.046856063086681804,
    0.049060800455980255,
    0.0544235901579982,
    0.05763523162735082,
    0.057678409487694635,
    0.055052250208480966,
    0.056178444482172296,
    0.054450415408334805,
    0.0551073259872117,
    0.05798771181857361,
    0.05734733188374997,
    0.055739465778332074,
    0.05820456236996396,
    0.058053073723827155,
    0.05811864143096429,
    0.05872786363626646,
    0.05890515352461253,
    0.05804253370918364
  ]
}